{
  "ckpt": "experiments/011_track_a_dit_s1/checkpoints/step_0050000.pt",
  "step": 50000,
  "n_samples": 500,
  "n_test": 200,
  "seed": 0,
  "nn_stft_l1": {
    "mean": 0.08844657987356186,
    "std": 0.10593988746404648,
    "min": 0.01716453954577446,
    "max": 1.0541517734527588
  },
  "sample_latent_stats": {
    "mean": -0.06532469391822815,
    "std": 0.6797983050346375,
    "per_ch_std_mean": 0.5622144937515259,
    "per_pos_std_mean": 0.666259229183197
  },
  "wall_clock_s": 166.7,
  "nn_stft_l1_method": "gpu_torch_stft_v1"
}