{
  "ckpt": "experiments/023_track_b_unet_s1/checkpoints/step_0100000.pt",
  "step": 100000,
  "n_samples": 500,
  "n_test": 200,
  "seed": 0,
  "nn_stft_l1": {
    "mean": 0.2754576802253723,
    "std": 0.044783979654312134,
    "min": 0.17337195575237274,
    "max": 0.45137128233909607
  },
  "sample_latent_stats": {
    "mean": -0.061353787779808044,
    "std": 0.9165558815002441,
    "per_ch_std_mean": 0.8602961301803589,
    "per_pos_std_mean": 0.9162191152572632
  },
  "wall_clock_s": 50.4,
  "nn_stft_l1_method": "gpu_torch_stft_v1"
}