{
  "ckpt": "experiments/012_track_a_lmlp_no_fnn_z_s1/checkpoints/step_0100000.pt",
  "step": 100000,
  "n_samples": 500,
  "n_test": 200,
  "seed": 0,
  "nn_stft_l1": {
    "mean": 0.11132854968309402,
    "std": 0.13170328736305237,
    "min": 0.02083425782620907,
    "max": 0.9203262329101562
  },
  "sample_latent_stats": {
    "mean": -0.06662740558385849,
    "std": 0.7070561051368713,
    "per_ch_std_mean": 0.610287070274353,
    "per_pos_std_mean": 0.6963568329811096
  },
  "wall_clock_s": 162.0,
  "nn_stft_l1_method": "gpu_torch_stft_v1"
}