{
  "ckpt": "experiments/022_track_b_lmlp_no_fnn_z_s0/checkpoints/step_0100000.pt",
  "step": 100000,
  "n_samples": 500,
  "n_test": 200,
  "seed": 0,
  "nn_stft_l1": {
    "mean": 0.29899880290031433,
    "std": 0.05246182903647423,
    "min": 0.19174925982952118,
    "max": 0.4774762988090515
  },
  "sample_latent_stats": {
    "mean": -0.05974666029214859,
    "std": 0.8752920031547546,
    "per_ch_std_mean": 0.8169509172439575,
    "per_pos_std_mean": 0.8751463890075684
  },
  "wall_clock_s": 707.5,
  "nn_stft_l1_method": "gpu_torch_stft_v1"
}