{
  "ckpt": "experiments/022_track_b_lmlp_no_fnn_z_s3/checkpoints/step_0050000.pt",
  "step": 50000,
  "n_samples": 500,
  "n_test": 200,
  "seed": 0,
  "nn_stft_l1": {
    "mean": 0.2860262989997864,
    "std": 0.04703651741147041,
    "min": 0.1830916404724121,
    "max": 0.4854656159877777
  },
  "sample_latent_stats": {
    "mean": -0.055667150765657425,
    "std": 0.859085202217102,
    "per_ch_std_mean": 0.7911871671676636,
    "per_pos_std_mean": 0.8589377999305725
  },
  "wall_clock_s": 44.7
}