{
  "ckpt": "experiments/030_track_b_dit_200k_s1/checkpoints/step_0100000.pt",
  "step": 100000,
  "n_samples": 500,
  "n_test": 200,
  "seed": 0,
  "nn_stft_l1": {
    "mean": 0.26381340622901917,
    "std": 0.04623021185398102,
    "min": 0.16826269030570984,
    "max": 0.4448479115962982
  },
  "sample_latent_stats": {
    "mean": -0.06860988587141037,
    "std": 0.8489818572998047,
    "per_ch_std_mean": 0.7904996275901794,
    "per_pos_std_mean": 0.8488585948944092
  },
  "wall_clock_s": 48.2
}