{
  "ckpt": "experiments/013_track_a_unet_s0/checkpoints/step_0100000.pt",
  "step": 100000,
  "n_samples": 500,
  "n_test": 200,
  "seed": 0,
  "nn_stft_l1": {
    "mean": 0.08006975054740906,
    "std": 0.08056287467479706,
    "min": 0.018247714266180992,
    "max": 0.636738657951355
  },
  "sample_latent_stats": {
    "mean": -0.06112818047404289,
    "std": 0.7524537444114685,
    "per_ch_std_mean": 0.6469277143478394,
    "per_pos_std_mean": 0.7430791854858398
  },
  "wall_clock_s": 165.7,
  "nn_stft_l1_method": "gpu_torch_stft_v1"
}