{
  "ckpt": "experiments/010_track_a_lmlp_s2/checkpoints/step_0050000.pt",
  "step": 50000,
  "n_samples": 500,
  "n_test": 200,
  "seed": 0,
  "nn_stft_l1": {
    "mean": 0.13407765328884125,
    "std": 0.15427756309509277,
    "min": 0.0212448388338089,
    "max": 1.0097073316574097
  },
  "sample_latent_stats": {
    "mean": -0.06484750658273697,
    "std": 0.7186336517333984,
    "per_ch_std_mean": 0.6251994371414185,
    "per_pos_std_mean": 0.7061352133750916
  },
  "wall_clock_s": 163.3,
  "nn_stft_l1_method": "gpu_torch_stft_v1"
}