{
  "ckpt": "experiments/022_track_b_lmlp_no_fnn_z_s2/checkpoints/step_0100000.pt",
  "step": 100000,
  "n_samples": 500,
  "n_test": 200,
  "seed": 0,
  "nn_stft_l1": {
    "mean": 0.24089385569095612,
    "std": 0.036529842764139175,
    "min": 0.15902668237686157,
    "max": 0.36660489439964294
  },
  "sample_latent_stats": {
    "mean": -0.07246086001396179,
    "std": 0.8398565053939819,
    "per_ch_std_mean": 0.7764161825180054,
    "per_pos_std_mean": 0.8397154808044434
  },
  "wall_clock_s": 715.6,
  "nn_stft_l1_method": "gpu_torch_stft_v1"
}