{
  "clap_fad": 0.07776755310475897,
  "n_samples": 500,
  "n_refs": 200,
  "track": "b",
  "ci95_lo": 0.07526165656308126,
  "ci95_hi": 0.09449833892156631,
  "boot_n": 1000
}