{
  "clap_fad": 0.09869765262814764,
  "n_samples": 500,
  "n_refs": 200,
  "track": "b",
  "ci95_lo": 0.09584113633748495,
  "ci95_hi": 0.11497944987559097,
  "boot_n": 1000
}